username,time
John s,2022-4-7 16:53:21
new account,2022-4-7 16:48:34
Rob Olson,2022-4-7 16:21:35
John Johnson,2022-4-7 16:16:53
s s,2022-4-7 14:51:3
alex farley,2022-4-7 14:43:39
Glumblo Globbler,2022-4-7 14:7:9
Russell Harvey 2,2022-4-7 13:56:6
Russell Harvey,2022-4-7 13:46:13
Jason Howe,2022-4-7 13:45:4
Andy Culler,2022-4-7 12:58:24
Dan Lynch,2022-4-7 12:27:58
11 11,2022-4-7 12:27:22
Elijah Heilman,2022-4-7 12:6:59
Bryan Richiez,2022-4-7 8:11:10
Max Fusco,2022-4-7 8:10:47
aaaaaaaaaaaaaaaaaaaaaaaaa a,2022-4-7 0:40:32
Bingus Roxxx,2022-4-6 22:53:24
bruh bruh,2022-4-6 22:43:13